CaseLocation,DateAbandoned,Expenses,PARCELID,ZIP
1000 CALDWELL ST,2013-10-28,327.75,NA,NA
10007 W MANSLICK RD,2013-06-06,8943.54,NA,NA
1001 MULBERRY ST 1,2015-08-23,0,NA,NA
1002 DIXIE HWY,2017-01-05,1696.16,NA,NA
1002 SOUTHWESTERN PKY,2013-06-26,1152.25,NA,NA
1012 WAGNER ST,2015-08-23,0,NA,NA
1014 WAGNER ST,2013-09-09,647,NA,NA
1015 W CHESTNUT ST 150,2017-08-18,531,NA,NA
1016 S 32ND ST,2016-11-17,828.15,NA,NA
1019 LOUIS COLEMAN JR DR,2017-01-11,0,NA,NA
102 NORTHWESTERN PKY,2013-07-25,717.5,NA,NA
10202 VALKYRIE CT,2015-06-23,0,NA,NA
1021 CALDWELL ST,NA,0,NA,NA
1025 DIXIE HWY,2013-08-21,2281.5,NA,NA
1025 S 1ST ST 1,2014-06-30,858.72,NA,NA
1025 S 36TH ST,2016-12-27,216.5,NA,NA
103 W KENTUCKY ST 1,2014-02-13,340.23,NA,NA
1032 S 28TH ST,2013-12-27,774.97,NA,NA
1033 LOUIS COLEMAN JR DR,2013-05-22,1008.1,NA,NA
1033 S 3RD ST,2014-05-27,0,NA,NA
10405 TORRINGTON RD 1,2013-05-30,900.5,NA,NA
10408 GREENTREE LN 1,2015-10-21,0,NA,NA
10417 LA PLAZA DR,2013-08-21,3695.37,NA,NA
105 N 30TH ST,2015-12-21,786.55,NA,NA
1052 E ST CATHERINE ST,2015-08-05,0,NA,NA
10608 W MANSLICK RD,2015-01-05,216.5,NA,NA
107 N 30TH ST,2015-12-21,1218.86,NA,NA
10785 TARRYTOWNE DR,2016-06-06,0,NA,NA
109 E ST CATHERINE ST,2013-07-25,785.97,NA,NA
1103 S 26TH ST,2014-05-12,0,NA,NA
1105 CHESLEY DR,2017-08-07,0,NA,NA
111 SOUTHWESTERN PKY,2016-01-12,291.97,NA,NA
1111 SOUTHWESTERN PKY,2016-06-28,603.75,NA,NA
1114 ALGONQUIN PKY,2013-11-26,1179.97,NA,NA
1114 E ST CATHERINE ST,2014-08-26,1927.5,NA,NA
1117 CHESLEY DR,2015-12-01,0,NA,NA
1123 W HILL ST,2013-08-23,1165.5,NA,NA
1125 SOUTHWESTERN PKY,2016-04-19,0,NA,NA
113 SOUTHWESTERN PKY,2016-11-21,0,NA,NA
1130 SALEM AVE,2013-09-04,0,NA,NA
1132 E ST CATHERINE ST,2016-08-10,203,NA,NA
1132 S 26TH ST,2014-07-23,1393.5,NA,NA
1132 SALEM AVE,2013-08-22,1104.5,NA,NA
1133 S 2ND ST 1,2016-01-14,593.67,NA,NA
1138 ALGONQUIN PKY,2013-07-10,3012.41,NA,NA
1141 S 8TH ST,2013-08-13,574.58,NA,NA
1144 LORETTA ST,2015-11-30,324.75,NA,NA
1149 S 7TH ST,2013-08-08,108.9,NA,NA
115 NORTHWESTERN PKY,2014-03-17,883,NA,NA
1150 S 3RD ST 1,2017-07-31,614.98,NA,NA
1155 DIXIE HWY,2013-10-15,216.5,NA,NA
11707 DIXIE HWY,2016-09-01,3910.65,NA,NA
11901 DIXIE HWY 100,2017-03-23,0,NA,NA
11901 DIXIE HWY 112,2016-11-03,93.75,NA,NA
1196 INNIS CT 3,NA,0,NA,NA
12007 VALLEYMEADOW WAY,2013-12-30,330.75,NA,NA
1204 SOUTH PARK RD,2013-07-15,511.5,NA,NA
1209 S 6TH ST,2015-05-26,0,NA,NA
1214 HUNTINGTON LN,2016-07-18,62.5,NA,NA
1214 LOGAN ST 1,2013-07-08,0,NA,NA
1231 ALGONQUIN PKY,2013-07-30,755.4300000000001,NA,NA
1232 ALGONQUIN PKY,2013-07-22,2686.89,NA,NA
1234 ALGONQUIN PKY,2013-07-22,2646.19,NA,NA
1263 S 1ST ST 1,2017-07-25,101.5,NA,NA
12707 E ORELL RD 1,2014-02-24,319.55,NA,NA
12709 E ORELL RD 1,2016-03-28,516,NA,NA
12711 E ORELL RD 1,2014-12-02,1049.75,NA,NA
12811 DIXIE HWY,2017-01-30,3307.75,NA,NA
1300 W BROADWAY 100,2017-05-17,364.75,NA,NA
1309 SOUTHWESTERN PKY,2013-06-20,3128.64,NA,NA
131 N 38TH ST A,2013-06-05,843.75,NA,NA
131 N 38TH ST B,2013-09-16,1000.22,NA,NA
1312 BALDWIN ST,2013-06-14,1758.5,NA,NA
1316 BALDWIN ST,2013-06-14,3409.19,NA,NA
1322 S PRESTON ST 1,2016-03-31,5747.41,NA,NA
1337 S 4TH ST 1,2016-07-19,0,NA,NA
1340 BLUEGRASS AVE A,2017-08-09,0,NA,NA
1340 BLUEGRASS AVE B,2015-11-10,70.08,NA,NA
1340 OLIVE ST 101,2013-08-23,459,NA,NA
13401 BLAKELY LN,2015-03-18,1982.48,NA,NA
13403 BLAKELY LN,2015-06-11,0,NA,NA
13404 BLAKELY LN,2014-12-02,0,NA,NA
13406 BLAKELY LN,2015-02-03,4943.53,NA,NA
135 NORTHWESTERN PKY,NA,0,NA,NA
13512 BLAKELY LN,2013-07-29,3637,NA,NA
13516 BLAKELY LN,2015-07-21,324.75,NA,NA
1352 S 1ST ST 1,2013-07-08,464,NA,NA
1353 S BROOK ST 2,2015-10-19,0,NA,NA
13608 BLAKELY LN,2015-07-21,108.25,NA,NA
1361 S BROOK ST 1,2013-09-10,134.79,NA,NA
1366 OLIVE ST 1,2014-09-05,0,NA,NA
1379 S BROOK ST 1,2015-08-06,344.75,NA,NA
1392 S 2ND ST 101,2015-06-15,0,NA,NA
1405 W BROADWAY,2013-07-08,109.94,NA,NA
14100 HENDERSON AVE,2015-09-02,328.75,NA,NA
14102 HENDERSON AVE,2015-09-02,328.75,NA,NA
14104 HENDERSON AVE,2015-09-02,328.75,NA,NA
1413 W OAK ST,2013-07-29,0,NA,NA
1414 HIGHLAND AVE 1,NA,0,NA,NA
1419 S SHELBY ST,2014-04-10,407,NA,NA
1425 RUFER AVE,2016-10-24,304.5,NA,NA
1428 BEECH ST 1,2013-08-12,0,NA,NA
1428 HEMLOCK ST,2017-06-13,304.5,NA,NA
143 FRANCIS AVE,2015-09-17,644,NA,NA
1433 BEECH ST 101,2015-06-03,1533,NA,NA
1449 S 23RD ST,2015-01-12,444.6,NA,NA
1453 S 23RD ST,2013-10-01,4368.1900000000005,NA,NA
1503 ARCADE AVE 1,2016-08-29,62.5,NA,NA
1505 W MARKET ST,2014-10-16,1128.6100000000001,NA,NA
1508 W MARKET ST 1,2013-07-12,0,NA,NA
1511 PAWTUXET CT,2016-08-01,216.5,NA,NA
1515 W OAK ST,2013-06-17,564.7,NA,NA
1517 W MARKET ST,2016-03-30,829.25,NA,NA
1520 W ST CATHERINE ST,2017-04-14,469.75,NA,NA
1522 W ST CATHERINE ST,2013-06-06,989.75,NA,NA
1524 W ST CATHERINE ST,2013-06-14,5169.47,NA,NA
1532 W ST CATHERINE ST,2014-03-10,250.5,NA,NA
1534 W ST CATHERINE ST,2014-03-10,828.75,NA,NA
1552 W ST CATHERINE ST,2016-07-28,389.75,NA,NA
1600 W OAK ST,2013-10-21,2524.65,NA,NA
1604 ARLING AVE,2013-06-10,890.75,NA,NA
1604 W OAK ST,2013-06-27,1646.49,NA,NA
1605 S 4TH ST 1,2015-06-08,305.5,NA,NA
1608 BRICK KILN LN 9,2017-01-03,473,NA,NA
1612 BRICK KILN LN 1,2016-12-28,310.25,NA,NA
1612 VIVIAN LN,2013-07-22,0,NA,NA
1612 W OAK ST 101,2013-10-03,335,NA,NA
1620 W CHESTNUT ST 1,2013-10-14,0,NA,NA
1633 W JEFFERSON ST 1,2013-10-24,173.4,NA,NA
1635 PLYMOUTH CT 1,2017-03-21,805.58,NA,NA
1635 PORTLAND AVE,2016-04-05,1044.25,NA,NA
1637 W ORMSBY AVE 1,2015-12-03,679.25,NA,NA
1640 TYLER PKY,2014-07-08,0,NA,NA
1663 ALMARA CIR,2015-01-20,928.14,NA,NA
1702 W BURNETT AVE,2016-06-27,0,NA,NA
1703 LAFAYETTE DR 1,2014-08-28,507.5,NA,NA
1703 W HILL ST,2016-06-17,0,NA,NA
1704 ST LOUIS AVE,2013-07-03,3022.72,NA,NA
1704 VALLEY FORGE WAY 1,2013-06-13,5774.81,NA,NA
1704 W BURNETT AVE,2016-06-27,0,NA,NA
1705 HALE AVE,2013-07-26,0,NA,NA
1705 LIBERTY BELL WAY 1,2013-07-25,751.7,NA,NA
1705 LIBERTY BELL WAY 2,2013-12-17,428.25,NA,NA
1705 LIBERTY BELL WAY 3,2013-08-12,68.5,NA,NA
1706 ST LOUIS AVE,2013-07-03,3600.24,NA,NA
1706 W ST CATHERINE ST,2016-12-07,93.75,NA,NA
1708 BANK ST,2013-10-29,1662.5,NA,NA
1708 LIBERTY BELL WAY 1,NA,0,NA,NA
1708 ST LOUIS AVE,2013-07-03,4155.99,NA,NA
1708 VALLEY FORGE WAY 1,2013-08-21,494.5,NA,NA
1708 W BURNETT AVE,2014-07-25,0,NA,NA
1708 W ST CATHERINE ST,2015-05-06,1371.5,NA,NA
1709 LAFAYETTE DR 1,2013-07-18,714.5,NA,NA
1710 GAGEL AVE 12,2015-09-30,0,NA,NA
1710 W ST CATHERINE ST,2013-08-21,3201.44,NA,NA
1711 GALLAGHER ST,2013-07-08,1159.38,NA,NA
1711 ST LOUIS AVE,2013-05-22,3790.04,NA,NA
1712 ST LOUIS AVE,2014-02-13,49,NA,NA
1714 PRENTICE ST,2016-08-31,653.5,NA,NA
1715 W ST CATHERINE ST,2013-08-22,679,NA,NA
1717 W ST CATHERINE ST,2014-05-28,47,NA,NA
1718 ST LOUIS AVE,2013-07-31,2214.16,NA,NA
1719 W ST CATHERINE ST,2015-05-06,2027.8,NA,NA
1720 GALLAGHER ST A,2015-07-08,0,NA,NA
1721 TEMPEST WAY 1,2014-10-07,3298.6,NA,NA
1721 W ST CATHERINE ST,2014-05-28,47,NA,NA
1723 W KENTUCKY ST 1,2013-07-29,6959.84,NA,NA
1725 PRENTICE ST,NA,0,NA,NA
1726 BERRY BLVD 101,2015-09-01,426.7,NA,NA
1729 HALE AVE,2013-08-14,3704.55,NA,NA
1729 LYTLE ST,2013-10-15,374.2,NA,NA
173 FRANCIS AVE,2016-07-29,1301.56,NA,NA
1733 W KENTUCKY ST 1,2013-07-11,3650.68,NA,NA
1737 ROWAN ST,2013-07-02,1326.4,NA,NA
1737 W GAULBERT AVE 1,2013-10-22,0,NA,NA
1739 ROWAN ST 1,2013-07-08,1687.9099999999999,NA,NA
1740 HALE AVE,2013-06-14,441,NA,NA
1742 ST LOUIS AVE,2016-08-25,456.25,NA,NA
1743 ST LOUIS AVE,2013-11-14,2057,NA,NA
1745 W HILL ST 1,2013-10-22,772.94,NA,NA
1745 WILSON AVE,2013-10-24,265.25,NA,NA
1747 ST LOUIS AVE,2014-11-11,1379.75,NA,NA
1749 WILSON AVE,2013-08-27,1755.9099999999999,NA,NA
1760 W BURNETT AVE 1,2016-03-08,2904.28,NA,NA
1762 DUMESNIL ST 1,2016-05-03,1068.73,NA,NA
1762 DUMESNIL ST 2,2017-02-13,581.25,NA,NA
1769 W HILL ST,2014-11-12,1542.46,NA,NA
1774 W OAK ST,2013-06-05,327.5,NA,NA
1785 W ORMSBY AVE,2013-07-18,2167.45,NA,NA
1791 ALGONQUIN PKY,NA,0,NA,NA
1801 BANK ST,2013-08-14,4699.72,NA,NA
1804 S PRESTON ST 1,2014-09-17,406,NA,NA
1810 CONGRESS ST 2,2015-04-13,794,NA,NA
1811 CONGRESS ST,2017-09-18,463,NA,NA
1811 CROP ST,2014-10-22,1881.24,NA,NA
1815 W JEFFERSON ST,2013-09-17,620.65,NA,NA
1816 TYLER PKY,2014-11-20,1373.5,NA,NA
1817 NORTHWESTERN PKY,2016-05-26,0,NA,NA
1817 W MARKET ST 1,2013-07-01,6888.68,NA,NA
1819 NORTHWESTERN PKY,2016-05-26,0,NA,NA
1819 W JEFFERSON ST,2013-08-15,472.75,NA,NA
1823 NORTHWESTERN PKY,2016-05-26,0,NA,NA
1825 NORTHWESTERN PKY,2016-06-23,203,NA,NA
1829 GRAND AVE,2017-01-30,62.5,NA,NA
1831 GREEN ALY,2013-09-19,2027.1200000000001,NA,NA
1847 BAIRD ST,2013-11-26,3075.87,NA,NA
1854 PORTLAND AVE,2014-05-05,2596.54,NA,NA
1910 W CHESTNUT ST,2016-07-19,246.5,NA,NA
1919 S 7TH ST,2015-08-24,0,NA,NA
1926 CROP ST,2015-10-22,281.5,NA,NA
1940 W CHESTNUT ST 1,2015-04-02,324.32,NA,NA
197 CORAL AVE 1,NA,0,NA,NA
200 SMITHFIELD RD,2015-07-08,955.36,NA,NA
2003 W MARKET ST,2016-11-29,62.5,NA,NA
2007 ST LOUIS AVE,2015-04-20,3244,NA,NA
2008 ST LOUIS AVE,2014-08-19,3038.92,NA,NA
2009 ST LOUIS AVE,2014-11-25,1095.6399999999999,NA,NA
2016 PORTLAND AVE,2015-10-20,346.25,NA,NA
2018 PEABODY LN 1,2015-09-14,0,NA,NA
2018 ST LOUIS AVE,2013-06-12,4191.9,NA,NA
2019 W BURNETT AVE 1,2016-06-30,62.5,NA,NA
2020 EASTERN PKY 101,2017-09-06,0,NA,NA
2020 PEABODY LN 13,2015-07-13,0,NA,NA
2022 ST LOUIS AVE,2016-10-31,552,NA,NA
209 NORTHWESTERN PKY,2013-11-11,5629.06,NA,NA
210 N 24TH ST,2013-08-14,1115.79,NA,NA
2100 ALGONQUIN PKY 1,2015-07-16,62.5,NA,NA
2100 W MAIN ST,2013-09-04,2613.75,NA,NA
2102 ST LOUIS AVE,2014-04-14,2387.73,NA,NA
2105 ST LOUIS AVE,2013-05-22,0,NA,NA
2106 ST XAVIER ST,2015-12-08,251,NA,NA
2109 ST LOUIS AVE,2013-07-11,1124.29,NA,NA
2111 ST LOUIS AVE,2013-07-11,343.82,NA,NA
2111 WILSON AVE,2014-09-24,0,NA,NA
2113 ALGONQUIN PKY,2015-09-01,62.5,NA,NA
2114 ALGONQUIN PKY,2015-09-16,574.75,NA,NA
2116 ST LOUIS AVE,2013-11-04,630.22,NA,NA
2117 EASTERN PKY,2016-10-10,0,NA,NA
2119 DUNCAN ST,2017-08-08,0,NA,NA
2124 MAGAZINE ST,2013-10-17,2769.25,NA,NA
2124 ROWAN ST,2016-09-26,0,NA,NA
2126 W JEFFERSON ST 1,2014-06-12,0,NA,NA
2131 W MUHAMMAD ALI BLVD 1,2013-05-30,51,NA,NA
215 N 24TH ST,2013-09-12,1171.4,NA,NA
216 DR W J HODGE ST 3,2014-05-01,63.5,NA,NA
217 S 28TH ST 1,2014-06-27,2704.47,NA,NA
219 S 26TH ST,2017-03-22,686.25,NA,NA
219 S 28TH ST 1,2013-08-21,3019.98,NA,NA
219 W WOODLAWN AVE 1,2016-11-29,587.83,NA,NA
220 DR W J HODGE ST 2,2014-01-30,127,NA,NA
2201 ST LOUIS AVE,2013-05-22,2084,NA,NA
2203 ST LOUIS AVE,2013-10-29,4955.77,NA,NA
2203 W MARKET ST,2016-09-29,304.5,NA,NA
2205 W MARKET ST,2016-09-29,717.25,NA,NA
2208 ST LOUIS AVE,2016-06-24,0,NA,NA
2208 ST XAVIER ST,2017-01-04,0,NA,NA
2208 W JEFFERSON ST,2017-07-06,0,NA,NA
2211 ST LOUIS AVE,2014-08-20,2074.5,NA,NA
2213 ST LOUIS AVE,2013-06-03,3173.11,NA,NA
2215 W BURNETT AVE 1,2016-03-24,674,NA,NA
2215 W BURNETT AVE 2,2015-11-02,216.5,NA,NA
2216 W MAIN ST B,2016-08-03,620.44,NA,NA
2217 BRIARGATE ST,2013-05-22,2260.5,NA,NA
2218 ST XAVIER ST,2014-09-02,177.24,NA,NA
222 DR W J HODGE ST 1,2013-09-03,33.25,NA,NA
222 DR W J HODGE ST 2,2013-09-03,288.25,NA,NA
222 DR W J HODGE ST 4,2013-12-17,72.08,NA,NA
2220 W MAIN ST,2014-04-01,376.63,NA,NA
2221 W ORMSBY AVE,2013-10-28,2012.25,NA,NA
2222 ST XAVIER ST,2014-08-12,2247.72,NA,NA
2224 W JEFFERSON ST 1,2013-09-16,989.2,NA,NA
2228 ST XAVIER ST,2014-08-12,2096.69,NA,NA
2230 ST XAVIER ST,2013-06-03,2576.24,NA,NA
2232 W MUHAMMAD ALI BLVD 1,2017-08-07,0,NA,NA
226 ST JOSEPH ST,2015-11-19,606.25,NA,NA
226 W BROADWAY,2017-06-12,0,NA,NA
228 NORTHWESTERN PKY,2016-06-23,0,NA,NA
230 W BROADWAY,2017-06-07,0,NA,NA
2301 ALGONQUIN PKY,2016-04-05,0,NA,NA
2301 BRIARGATE ST,2014-04-24,1030.72,NA,NA
2301 TERRIER CT 204,2014-05-01,0,NA,NA
2304 ST LOUIS AVE,2015-11-16,301.5,NA,NA
2306 ST LOUIS AVE,2006-11-15,3161.3,NA,NA
2307 RODMAN ST,2014-04-01,350.5,NA,NA
2313 ALGONQUIN PKY,2017-06-28,0,NA,NA
2313 ST LOUIS AVE,2013-06-17,4273.1900000000005,NA,NA
2315 ST LOUIS AVE,2016-03-29,2152.62,NA,NA
2316 MAPLE ST,2014-05-14,113.44,NA,NA
2318 ST LOUIS AVE,2014-11-06,0,NA,NA
232 N 20TH ST,2015-01-22,2514.75,NA,NA
2320 ST LOUIS AVE,2014-10-14,676.08,NA,NA
2322 BOLLING AVE,2016-07-08,0,NA,NA
2324 ST LOUIS AVE,2014-10-14,889.52,NA,NA
2328 ST LOUIS AVE,2017-05-02,309,NA,NA
233 N 26TH ST 101,2015-02-26,1676.45,NA,NA
233 N 26TH ST 201,2015-02-26,876.84,NA,NA
2330 ST LOUIS AVE,2015-06-15,301.5,NA,NA
2336 ST LOUIS AVE,2016-08-31,354.75,NA,NA
2337 W MARKET ST,2013-10-30,1747.33,NA,NA
2343 W MUHAMMAD ALI BLVD 1,2013-08-07,3388.86,NA,NA
2403 W MARKET ST,2014-12-08,108.25,NA,NA
2406 ST XAVIER ST,2013-11-05,537.75,NA,NA
2409 ST XAVIER ST,2013-11-20,907.36,NA,NA
2410 AVALON ST,2013-07-25,78.5,NA,NA
2410 ST XAVIER ST,2014-05-21,1171.25,NA,NA
2412 ST XAVIER ST,2014-04-28,6266.34,NA,NA
2413 W MUHAMMAD ALI BLVD 1,2015-04-22,62.5,NA,NA
2420 ST XAVIER ST,2013-09-12,4778.89,NA,NA
2421 ST XAVIER ST,2013-11-20,3033.22,NA,NA
2423 ELLIOTT AVE,2013-09-11,1594.08,NA,NA
2423 ST XAVIER ST,2013-09-12,2838.97,NA,NA
2427 ST XAVIER ST,2013-09-12,5060.22,NA,NA
2500 ST CECILIA ST,2017-05-26,506.86,NA,NA
2502 ST CECILIA ST,2013-09-12,4619,NA,NA
2511 CROP ST,2016-12-07,107.9,NA,NA
2511 ST XAVIER ST,2016-06-01,0,NA,NA
2511 WOODLAND AVE,2016-10-31,194,NA,NA
2512 S 4TH ST 1,2014-03-11,1065.29,NA,NA
2512 ST XAVIER ST,2017-06-14,62.5,NA,NA
2512 W JEFFERSON ST,2013-10-07,6180.92,NA,NA
2514 S 4TH ST 1,2014-03-24,2704.49,NA,NA
2515 ROWAN ST,2013-11-11,640.5,NA,NA
2515 ST XAVIER ST,2015-12-08,216.5,NA,NA
2519 ST XAVIER ST,2015-03-02,2775.06,NA,NA
2520 W MUHAMMAD ALI BLVD,2013-11-07,819.4,NA,NA
2522 GILLIGAN ST,2014-02-20,2346.42,NA,NA
2522 ST CECILIA ST,2013-09-16,635.25,NA,NA
2523 ST CECILIA ST,2014-02-25,1277.5,NA,NA
2523 ST XAVIER ST,2014-11-24,2139.12,NA,NA
2525 ST CECILIA ST,2014-02-25,892,NA,NA
2526 GILLIGAN ST,2015-10-26,433,NA,NA
2532 W MUHAMMAD ALI BLVD,2014-08-05,387.38,NA,NA
2533 ST XAVIER ST,2014-10-28,0,NA,NA
2534 ST CECILIA ST,2015-07-16,0,NA,NA
2538 ST CECILIA ST,2013-09-05,923,NA,NA
2539 ROWAN ST,2013-09-19,3914.3,NA,NA
2541 OWEN ST,2017-01-10,101.32,NA,NA
2542 ST CECILIA ST,2017-08-17,108.25,NA,NA
2544 ST CECILIA ST,2014-10-28,1395,NA,NA
2546 ST CECILIA ST,2014-05-19,340.75,NA,NA
2601 NORTHWESTERN PKY,2015-10-01,5995.96,NA,NA
2602 LE BLANC CT 1,NA,0,NA,NA
2603 ALGONQUIN PKY,NA,0,NA,NA
2608 PLYMOUTH CT,2013-08-29,338.5,NA,NA
2613 NORTHWESTERN PKY,2013-06-21,3446.4700000000003,NA,NA
2614 GARLAND AVE 1,2014-06-27,389.75,NA,NA
2614 ST XAVIER ST,2015-08-04,1849,NA,NA
2619 ST XAVIER ST,2014-09-09,406,NA,NA
2623 ST XAVIER ST,2013-10-23,354.25,NA,NA
2625 PORTLAND AVE 1,2013-06-17,6662.28,NA,NA
2625 ST XAVIER ST,2013-07-22,1304.19,NA,NA
2631 NORTHWESTERN PKY,2016-04-25,446,NA,NA
2633 ST XAVIER ST,2014-02-25,3000.3,NA,NA
2639 BANK ST,2017-03-20,465.52,NA,NA
2645 ALGONQUIN PKY,2016-09-14,268.5,NA,NA
2705 W JEFFERSON ST 1,2013-11-13,2497.83,NA,NA
2706 ALGONQUIN PKY,2014-09-23,93.75,NA,NA
2711 CEDAR ST 1,2015-11-17,0,NA,NA
2711 NORTHWESTERN PKY,2014-06-25,3547.11,NA,NA
2711 ST XAVIER ST,2013-11-20,4919.2,NA,NA
2713 ST XAVIER ST,2014-08-05,1134.82,NA,NA
2714 W MADISON ST,2014-08-05,1602.75,NA,NA
2732 CONGRESS ST,2013-09-03,736,NA,NA
2803 NORTHWESTERN PKY,2016-08-18,701.5,NA,NA
2803 NORTHWESTERN PKY 1,2014-03-27,972.25,NA,NA
2810 ST XAVIER ST,2013-10-02,349.5,NA,NA
2819 NORTHWESTERN PKY,2014-07-30,1931,NA,NA
2820 ST XAVIER ST,2013-06-13,3657.19,NA,NA
2823 NORTHWESTERN PKY,2013-06-26,3585.38,NA,NA
2825 NORTHWESTERN PKY,2014-05-22,1796,NA,NA
2827 NORTHWESTERN PKY,2013-07-30,3655.74,NA,NA
2827 ST XAVIER ST,2014-01-08,3229.65,NA,NA
2833 NORTHWESTERN PKY,2013-12-24,4217.67,NA,NA
2833 PORTLAND AVE,2013-11-04,775.25,NA,NA
2836 ST XAVIER ST,2013-11-11,0,NA,NA
2916 ST XAVIER ST,2014-09-08,1168.19,NA,NA
2924 BRINKEY WAY 1,2013-06-25,64.5,NA,NA
2926 ST XAVIER ST,2017-02-06,615.3199999999999,NA,NA
2927 W MAIN ST,2015-12-21,2593.71,NA,NA
2931 GRIFFITHS AVE,2015-09-14,2239.75,NA,NA
2933 GRIFFITHS AVE,2015-09-14,412.75,NA,NA
2935 GRIFFITHS AVE,2015-03-02,1512.49,NA,NA
3003 7TH STREET RD,2016-07-19,357.82,NA,NA
3003 GREENWOOD AVE 1,2014-10-02,1684.5,NA,NA
3005 GREENWOOD AVE,2013-10-07,1303.79,NA,NA
3007 7TH STREET RD,2016-06-16,0,NA,NA
3007 RIVER PARK DR 101,2013-09-30,1805.58,NA,NA
302 NORTHWESTERN PKY,2017-06-26,259.47,NA,NA
310 WILLOW BROOK RD,2014-06-09,324.5,NA,NA
3101 DR WILLIAM G WEATHERS DR,2013-10-08,64.5,NA,NA
3106 NORTHWESTERN PKY,2016-07-07,0,NA,NA
3108 W BROADWAY 2,2015-07-24,334.5,NA,NA
3109 WOODLAND AVE,2015-06-22,750.51,NA,NA
311 S 32ND ST,2015-09-12,701,NA,NA
3112 NORTHWESTERN PKY,2014-10-07,694,NA,NA
3114 NORTHWESTERN PKY,2013-06-06,1596,NA,NA
3115 WOODLAND AVE,NA,0,NA,NA
3119 PORTLAND AVE 1,2014-01-02,216.5,NA,NA
3122 VERMONT AVE,2016-02-10,2016.5,NA,NA
3123 VIRGINIA AVE,2016-08-22,62.5,NA,NA
3125 RIVER RD 18,2013-10-31,0,NA,NA
3125 RIVER RD 19,2013-10-24,66.5,NA,NA
3127 W KENTUCKY ST 4,2014-11-13,1841.63,NA,NA
3129 LAKEHEATH DR,2015-03-16,125,NA,NA
313 SOUTHWESTERN PKY,2016-11-28,93.75,NA,NA
3137 W KENTUCKY ST,2013-08-15,2845,NA,NA
315 W OAK ST,2017-01-24,930.75,NA,NA
3200 W KENTUCKY ST,2013-07-23,2416.45,NA,NA
3206 W MARKET ST,2015-08-10,0,NA,NA
3209 TAYLOR BLVD 1,2013-08-26,0,NA,NA
3227 RIVER PARK DR 1,2013-08-19,2675.29,NA,NA
3229 LARKWOOD AVE 1,2013-08-22,1340.44,NA,NA
3235 NORTHWESTERN PKY,2013-06-19,474.25,NA,NA
3235 RIVER PARK DR 1,2013-08-29,1533.25,NA,NA
328 N 18TH ST,2016-08-05,0,NA,NA
328 N 24TH ST,2013-09-11,2806.75,NA,NA
331 E ST CATHERINE ST,2013-12-30,5772.45,NA,NA
3315 NORTHWESTERN PKY,2013-08-28,4865.53,NA,NA
3319 GREENWOOD AVE,2017-04-10,590,NA,NA
3327 ALGONQUIN PKY,2015-09-17,757.75,NA,NA
336 N 24TH ST,2014-07-07,799.97,NA,NA
338 N 24TH ST,2014-07-07,674.97,NA,NA
340 N 24TH ST,2014-06-11,770.72,NA,NA
3403 BOXELDER RD 1,2015-08-19,6322.19,NA,NA
3403 BOXELDER RD 4,2014-03-18,477,NA,NA
3403 SHANKS LN 1,2013-06-25,4950.36,NA,NA
3405 BOXELDER RD 1,2015-07-27,3709,NA,NA
3405 SHAGBARK RD 1,2017-03-15,222,NA,NA
3407 ROWENA RD 1,NA,0,NA,NA
3408 BRECKENRIDGE LN 4,NA,0,NA,NA
3411 SHAGBARK RD 1,2013-07-09,684.95,NA,NA
3411 SHANKS LN 4,2014-11-17,0,NA,NA
3413 SHAGBARK RD 1,2013-07-09,608.76,NA,NA
3413 W KENTUCKY ST,2014-05-30,281.5,NA,NA
3415 SHAGBARK RD 1,2013-07-09,671.52,NA,NA
3417 SHAGBARK RD 1,2013-07-18,251.38,NA,NA
3419 SHAGBARK RD 1,2014-02-18,0,NA,NA
342 N 24TH ST,2014-07-07,871.75,NA,NA
3439 VIRGINIA AVE,2017-04-25,910.5,NA,NA
344 N 24TH ST,2014-07-07,493.61,NA,NA
3443 ALGONQUIN PKY,2015-06-22,363.97,NA,NA
346 N 24TH ST,2014-07-07,329.5,NA,NA
348 N 24TH ST,2014-07-07,660.79,NA,NA
350 N 24TH ST,2014-07-07,1097.13,NA,NA
351 SOUTHWESTERN PKY,2016-04-19,1417,NA,NA
3514 CANE RUN RD,2015-12-29,294.75,NA,NA
3514 W MARKET ST 100,2017-07-10,0,NA,NA
3516 ALGONQUIN PKY,NA,0,NA,NA
3518 GEORGETOWN PL 1,NA,0,NA,NA
352 N 24TH ST,2014-07-07,898.26,NA,NA
3524 NORTHWESTERN PKY,2013-10-23,3107.05,NA,NA
3525 GEORGETOWN PL 1,2013-12-30,2820.25,NA,NA
3529 NORTHWESTERN PKY,NA,0,NA,NA
3601 GEORGETOWN PL 1,2013-12-30,3094,NA,NA
3603 GEORGETOWN PL 1,2015-01-06,0,NA,NA
3603 W MARKET ST 1,2013-07-10,3842.3,NA,NA
3612 GEORGETOWN PL 1,2016-08-01,304.5,NA,NA
3621 NORTHWESTERN PKY,2015-06-16,472.75,NA,NA
3631 ELDERWOOD WAY 1,2013-08-27,130.54000000000002,NA,NA
3638 MANSLICK RD 1,2013-08-01,1510.04,NA,NA
3650 TAYLOR BLVD 101,2014-08-20,2101.67,NA,NA
3670 WHEELER AVE 101,2013-09-09,4857.1,NA,NA
3708 BARDSTOWN RD,2013-08-12,95.75,NA,NA
3708 ST FRANCIS AVE,2014-10-28,0,NA,NA
3708 W BROADWAY A,2013-12-17,4081.98,NA,NA
3709 SOUTH PARK RD,2013-12-03,1117.5,NA,NA
3710 VERMONT AVE 1,2013-06-04,196.5,NA,NA
3800 MIAMI AVE,2013-05-29,2223.39,NA,NA
3801 S HURSTBOURNE PKY,2017-06-26,0,NA,NA
3807 ALGONQUIN PKY,2014-07-29,2619.41,NA,NA
3810 FREEDOM WAY 1,2015-03-23,648.02,NA,NA
3810 FREEDOM WAY 16,2014-09-10,125,NA,NA
3810 FREEDOM WAY 8,2014-09-10,62.5,NA,NA
3811 VERMONT AVE 1,2014-03-11,855.5,NA,NA
3812 CANE RUN RD,2014-08-14,2080.6,NA,NA
3813 ALGONQUIN PKY,2013-06-04,4028.71,NA,NA
3818 SOUTHERN PKY 101,2014-12-18,108.9,NA,NA
3820 OBOE DR 1,2017-04-17,0,NA,NA
3821 SOUTHERN PKY,2015-09-09,613.5,NA,NA
3828 SOUTHERN PKY 1,2015-09-29,693.64,NA,NA
3902 S 5TH ST,2014-12-22,0,NA,NA
3907 W MARKET ST 1,2014-12-01,0,NA,NA
3908 NORTHWESTERN PKY,2014-05-14,1007.5,NA,NA
3911 SOUTHERN PKY 2,2013-08-07,1002.5,NA,NA
3918 NORTHWESTERN PKY,2017-04-06,0,NA,NA
3918 SOUTH PARK RD,2016-09-21,0,NA,NA
3932 PFLANZ AVE,2013-08-15,3531.91,NA,NA
3933 NORTHWESTERN PKY,2014-03-17,2228.47,NA,NA
3940 PFLANZ AVE,2013-08-15,4771.18,NA,NA
4012 CHURCHMAN AVE A,2016-03-30,0,NA,NA
4012 CHURCHMAN AVE C,2016-10-05,1397.75,NA,NA
4020 SOUTHERN PKY,2016-03-31,4847.88,NA,NA
4023 W BROADWAY 1,2016-05-26,1542.75,NA,NA
403 LOUIS COLEMAN JR DR,2014-12-22,4926.93,NA,NA
409 W KINGSTON AVE,2015-09-16,0,NA,NA
410 CAMP ST,2014-06-04,1297.92,NA,NA
4107 LAKE DREAMLAND RD,2014-12-24,0,NA,NA
411 IOWA AVE 1,2013-08-12,184.98,NA,NA
411 IOWA AVE 2,2013-09-30,64.5,NA,NA
4110 PIRATE LN,2013-08-15,0,NA,NA
4117 LAKE DREAMLAND RD,2015-11-16,0,NA,NA
4120 LAKE DREAMLAND RD,2014-10-14,759.65,NA,NA
4131 GREENWOOD AVE,2013-06-20,554.15,NA,NA
416 DR W J HODGE ST,2014-08-26,1358.75,NA,NA
417 MARRET AVE,2015-08-06,0,NA,NA
417 S 27TH ST,2016-05-13,247.75,NA,NA
419 SHELBY PKY,2015-08-18,101.5,NA,NA
4203 LARKWOOD AVE 1,2015-01-26,952.3199999999999,NA,NA
4209 LAKE DREAMLAND RD,2015-12-28,830.5799999999999,NA,NA
4211 LAKE DREAMLAND RD,2015-12-28,753.7199999999999,NA,NA
4212 ALGONQUIN PKY,2013-06-11,5191.95,NA,NA
4226 NEWPORT RD,2014-04-10,599.1,NA,NA
4226 VIRGINIA AVE,2014-09-02,1165.73,NA,NA
4230 NEWPORT RD 1,2014-06-03,540.45,NA,NA
4243 PRESTON HWY,2016-06-24,1489,NA,NA
4303 NORBROOK DR 1,NA,0,NA,NA
4304 NAOMI DR 1,2017-01-09,0,NA,NA
4305 W MARKET ST 1,2017-03-30,1252.7,NA,NA
431 WINKLER AVE 1,NA,0,NA,NA
4311 LAKE DREAMLAND RD,2013-12-16,0,NA,NA
4330 NEWPORT RD 1,NA,0,NA,NA
4331 POPLAR LEVEL RD,2014-09-24,0,NA,NA
4342 NEWPORT RD 1,2015-10-12,1744.25,NA,NA
436 CALDWELL ST,2015-07-09,1989.75,NA,NA
439 LOUIS COLEMAN JR DR,2013-08-02,1906.46,NA,NA
4401 SOUTHERN PKY,2016-08-24,536.58,NA,NA
4403 NEWPORT RD 1,2014-03-18,45.25,NA,NA
4412 TAYLOR BLVD 74,2014-02-10,304.5,NA,NA
442 DR W J HODGE ST,2014-08-26,324.75,NA,NA
4422 SOUTH RIDGE DR,2015-05-21,0,NA,NA
4433 CHURCHMAN AVE 1,2016-09-01,101.32,NA,NA
446 N 25TH ST,2013-09-18,1840.83,NA,NA
4500 CRESCENT VIEW TRL,2015-08-25,0,NA,NA
4501 LAKE DREAMLAND RD,2014-10-08,406,NA,NA
4501 SOUTHWESTERN PKY,2014-08-08,0,NA,NA
4514 BROADLEAF DR 1,2013-07-31,2949.29,NA,NA
4514 BROADLEAF DR 10,2013-08-19,0,NA,NA
4514 BROADLEAF DR 12,2015-12-07,448.75,NA,NA
4514 BROADLEAF DR 4,2013-07-31,64.5,NA,NA
4514 BROADLEAF DR 7,2013-07-31,64.5,NA,NA
4517 BEECHBROOK RD 1,NA,0,NA,NA
4526 LAKE DREAMLAND RD,2016-10-13,734.5,NA,NA
4531 LAKE DREAMLAND RD,2017-07-25,0,NA,NA
4532 LAKE DREAMLAND RD,2014-10-29,2956.89,NA,NA
4545 SOUTHWESTERN PKY,2013-07-29,3015.38,NA,NA
4549 SOUTHWESTERN PKY,2013-09-19,2821.22,NA,NA
4550 SOUTHERN PKY,2017-06-29,0,NA,NA
4603 LAKE DREAMLAND RD,2015-11-17,1339,NA,NA
4603 LINGER CT,2013-06-25,720.25,NA,NA
4603 SOUTH RIDGE DR,2013-10-15,0,NA,NA
4604 LAKE DREAMLAND RD,2013-06-10,1583.08,NA,NA
4607 LAKE DREAMLAND RD,2013-08-19,2478.25,NA,NA
4612 E OVERBROOK DR,2013-11-20,6754.96,NA,NA
4615 LAKE DREAMLAND RD,2014-12-23,141,NA,NA
4618 E OVERBROOK DR,2014-12-23,0,NA,NA
4619 LAKE DREAMLAND RD,2014-12-23,2334.19,NA,NA
4621 LAKE DREAMLAND RD,2014-01-13,1386.44,NA,NA
4623 LAKE DREAMLAND RD,2014-01-13,1744.4099999999999,NA,NA
465 N 28TH ST,2017-02-07,518.87,NA,NA
4704 ST RITA DR,NA,0,NA,NA
4707 S OVERBROOK DR,2014-04-07,2009.19,NA,NA
4723 S OVERBROOK DR,2016-05-23,3033.21,NA,NA
4730 MANSLICK RD,2017-09-14,0,NA,NA
4808 ST LEO PL,2016-11-29,108.25,NA,NA
4813 W OVERBROOK DR,2017-09-13,233.16,NA,NA
4828 SOUTHERN PKY,2014-08-04,391,NA,NA
4835 POPLAR LEVEL RD 101,NA,0,NA,NA
4905 SADDLEBROOK LN 1,2013-09-19,680.75,NA,NA
4907 WEST SIDE DR,2014-09-15,235,NA,NA
4911 OUTER LOOP,2013-08-28,609,NA,NA
500 W SOUTHLAND BLVD,2017-09-19,0,NA,NA
5005 S OVERBROOK DR,2016-04-06,855.25,NA,NA
504 LYNDON LN,2015-06-18,0,NA,NA
506 E ST CATHERINE ST,2014-06-30,1168.43,NA,NA
5101 S OVERBROOK DR,2015-09-30,1908.42,NA,NA
5103 CANE RUN RD,2015-11-16,0,NA,NA
5106 S OVERBROOK DR,2016-09-26,2046,NA,NA
513 AMY AVE 1,2014-08-20,156.25,NA,NA
514 E ORMSBY AVE 1,2016-10-24,439.5,NA,NA
516 S 18TH ST 1,2015-08-12,100.82,NA,NA
517 AMY AVE 5,2014-10-09,191.29000000000002,NA,NA
520 S 26TH ST,2016-07-11,574.22,NA,NA
522 E BRECKINRIDGE ST,2017-08-10,216.5,NA,NA
522 W ST CATHERINE ST,2014-08-06,399.83000000000004,NA,NA
525 N 17TH ST,2017-08-23,0,NA,NA
526 N 29TH ST 1,2014-02-24,328.19,NA,NA
527 N 19TH ST,2017-07-17,101.5,NA,NA
534 CALDWELL ST,2013-05-29,2386.85,NA,NA
534 N 31ST ST 1,2013-06-06,5349.19,NA,NA
536 N 31ST ST 1,2013-06-06,4262.4,NA,NA
538 CALDWELL ST,2016-02-29,344.75,NA,NA
541 N 31ST ST,2015-12-01,0,NA,NA
546 S 20TH ST,2013-11-26,4003.89,NA,NA
551 EASTERN PKY,NA,0,NA,NA
552 EASTERN PKY,2016-01-13,756.91,NA,NA
552 S 35TH ST,2015-10-08,0,NA,NA
5605 W SOUTHLAND BLVD,2017-06-06,1229.52,NA,NA
5625 W SOUTHLAND BLVD,2014-01-07,715.65,NA,NA
5700 W SOUTHLAND BLVD,2013-10-01,4993.61,NA,NA
601 CALDWELL ST,2015-07-13,2359.5,NA,NA
604 EASTERN PKY 1,2014-10-10,0,NA,NA
604 W FLORENCE AVE,2014-06-04,344.5,NA,NA
605 N 33RD ST,2015-03-18,938.5699999999999,NA,NA
609 CALDWELL ST,2013-10-29,3037.23,NA,NA
610 S 44TH ST,2013-08-06,0,NA,NA
6107 ANNIE MICHELE LN 101,2014-03-17,0,NA,NA
612 E ST CATHERINE ST,2017-09-13,507.5,NA,NA
614 S 22ND ST,2014-01-14,1816.22,NA,NA
623 CALDWELL ST,2017-08-22,0,NA,NA
625 S 19TH ST 1,2013-07-26,3399.34,NA,NA
626 S 26TH ST,2016-11-08,0,NA,NA
629 CALDWELL ST,2013-07-30,3251.5,NA,NA
629 S 19TH ST,2013-07-26,1100,NA,NA
6305 TRIPLETT WOODS DR,2015-08-11,0,NA,NA
631 S 19TH ST,2013-07-26,908,NA,NA
631 SOUTHWESTERN PKY,2015-05-11,329,NA,NA
6311 COMMERCE PARK CT,2016-05-12,974.25,NA,NA
6319 BARDSTOWN RD,2017-06-19,229.47,NA,NA
632 E BRECKINRIDGE ST,2015-01-21,1866.75,NA,NA
633 S 22ND ST 1,NA,0,NA,NA
634 E ST CATHERINE ST,2013-05-20,1262.71,NA,NA
636 E ST CATHERINE ST,2013-11-11,0,NA,NA
638 JORDAN AVE,2013-07-24,2182.95,NA,NA
640 CAMP ST,2017-07-05,259.47,NA,NA
640 ZORN AVE 9B,2015-09-22,184.55,NA,NA
6402 SIX MILE LN,2017-07-11,0,NA,NA
6418 EL RANCHO RD,2013-06-11,0,NA,NA
644 S 22ND ST,2014-07-18,1684.95,NA,NA
649 SOUTHWESTERN PKY,2014-10-30,0,NA,NA
6500 ASHLEY MARIE LN 101,2013-08-08,399.44,NA,NA
6500 HACKEL DR 4,2014-02-18,789.4200000000001,NA,NA
6504 HACKEL DR 1,NA,0,NA,NA
6536 ESTELE AVE,2014-08-19,453,NA,NA
654 DAVIES AVE 101,2016-08-25,906.3199999999999,NA,NA
6541 ESTELE AVE,2014-07-17,0,NA,NA
6591 SYLVANIA NO 6 RD,2014-10-14,609,NA,NA
6608 SYLVANIA NO 4 RD,2016-03-02,1165.65,NA,NA
6618 STRAWBERRY LN,2014-06-23,141,NA,NA
662 LINDELL AVE 1,2016-11-09,409.75,NA,NA
662 LINDELL AVE 3,2014-12-02,0,NA,NA
6632 ESTELE AVE,2015-11-30,233,NA,NA
6642 STRAWBERRY LN,2013-06-23,747.19,NA,NA
669 HECKS LN,2015-09-02,2405.4900000000002,NA,NA
6700 SYLVANIA NO 6 RD,2014-01-30,1342.1299999999999,NA,NA
6702 PUTMAN ST,2014-01-27,735.79,NA,NA
679 CECIL AVE 1,2013-10-15,961.86,NA,NA
6800 PRESTON HWY,2014-06-24,164,NA,NA
6901 SYLVANIA NO 4 RD,2014-03-12,957.25,NA,NA
700 W WHITNEY AVE 1,2013-08-02,3601.55,NA,NA
7007 RIVER RD,2016-08-25,373.1,NA,NA
708 CALDWELL ST,2013-09-04,561.83,NA,NA
713 CALDWELL ST,2013-12-16,0,NA,NA
715 CALDWELL ST,2013-11-13,1245,NA,NA
720 W ST CATHERINE ST,2016-05-04,656.18,NA,NA
722 MAC DONALD RD,2015-10-13,0,NA,NA
722 S 15TH ST,2013-10-21,512.5,NA,NA
722 W ST CATHERINE ST,2013-07-22,3626.96,NA,NA
724 COKE ST,2014-06-25,500.725,NA,NA
724 W ST CATHERINE ST,2013-07-22,718.86,NA,NA
725 E ST CATHERINE ST,2013-09-19,202.11,NA,NA
726 CALDWELL ST,2014-03-26,0,NA,NA
728 S 24TH ST 1,2014-09-03,1510.99,NA,NA
729 CALDWELL ST,2013-09-11,2534.49,NA,NA
730 CALDWELL ST,2014-05-02,0,NA,NA
7301 AUTUMN TRACE DR 101,2015-08-23,0,NA,NA
7301 FEGENBUSH LN 101,2014-07-29,363.97,NA,NA
7303 AUTUMN TRACE DR 101,2015-08-23,0,NA,NA
7305 AUTUMN TRACE DR 101,2015-08-23,0,NA,NA
7307 AUTUMN TRACE DR 101,2015-08-23,0,NA,NA
7309 AUTUMN TRACE DR 101,2015-10-08,0,NA,NA
731 W ST CATHERINE ST,2013-07-18,1969.66,NA,NA
7318 DIXIE HWY,2017-08-07,108.25,NA,NA
740 E KENTUCKY ST,NA,0,NA,NA
7413 FEYHURST DR 3,2014-10-23,970.5,NA,NA
7415 FEYHURST DR 1,2015-05-13,655,NA,NA
748 S 23RD ST,2014-12-15,247.05,NA,NA
7501 TERRY RD,2016-02-01,0,NA,NA
7511 ST ANDREWS CHURCH RD,2014-10-21,0,NA,NA
7513 GARRISON RD 1,2015-08-11,0,NA,NA
7600 GREEN MILL DR,2016-07-08,974.25,NA,NA
7718 ST BERNARD CT,2017-02-27,459.5,NA,NA
7803 ST ANDREWS CHURCH RD 70,2015-06-24,918.19,NA,NA
7905 JUDGE BLVD,2017-06-02,0,NA,NA
7912 SMYRNA PKY,2015-06-08,1e3,NA,NA
8012 BLAKE LN,2013-08-28,62.5,NA,NA
804 CALDWELL ST,2015-07-13,1992.29,NA,NA
806 W ST CATHERINE ST,2013-07-22,2375.05,NA,NA
808 W ST CATHERINE ST,2015-11-16,216.5,NA,NA
810 W ST CATHERINE ST,2017-08-08,0,NA,NA
8107 ATLANTA PKY,2016-06-13,2088.54,NA,NA
8109 BLUE LICK RD,2014-06-17,0,NA,NA
812 S 22ND ST A,2014-07-18,310.25,NA,NA
812 W ST CATHERINE ST,2013-07-22,1911.6100000000001,NA,NA
818 FORREST ST,2014-09-30,324.5,NA,NA
819 LAMPTON ST 1,2017-07-05,0,NA,NA
830 S 12TH ST,2014-03-06,2949.5,NA,NA
8313 SMYRNA PKY,2015-06-08,0,NA,NA
8346 DORINDA DR,2013-05-30,2845,NA,NA
836 S 12TH ST,2013-08-01,7380.12,NA,NA
8406 PRESTON HWY,2017-08-15,581.25,NA,NA
847 S 13TH ST,2015-03-26,1359.2,NA,NA
852 S 22ND ST A,2014-06-11,2113.57,NA,NA
8807 TRANQUIL VALLEY LN,2016-06-06,0,NA,NA
902 CHARLES ST,2017-07-24,108.25,NA,NA
903 ALGONQUIN PKY,2014-08-14,433,NA,NA
904 CHARLES ST,2017-07-24,301.5,NA,NA
906 S HANCOCK ST,2017-08-09,93.75,NA,NA
9101 FOXPLUM CT,2015-08-25,0,NA,NA
913 NORTON AVE,2013-08-01,1152.46,NA,NA
913 W BURNETT AVE,2014-08-13,433,NA,NA
915 W LEE ST,2013-07-31,3039.4700000000003,NA,NA
917 E MUHAMMAD ALI BLVD 1,2013-09-25,3907.5,NA,NA
917 SOUTHWESTERN PKY,2017-05-24,306.5,NA,NA
920 DANDRIDGE AVE,2017-07-24,148.25,NA,NA
921 SOUTHWESTERN PKY,2017-05-11,101.5,NA,NA
921 W LEE ST,2013-07-18,1559.45,NA,NA
9211 MAPLE RD,2015-04-22,324.75,NA,NA
922 MASON AVE,2017-05-15,368,NA,NA
923 SHELBY PKY,2015-04-02,0,NA,NA
925 E ST CATHERINE ST,2013-08-01,821.47,NA,NA
925 W MAIN ST,2017-06-07,1661,NA,NA
927 SHELBY PKY,2013-07-31,7023.28,NA,NA
9303 3RD STREET RD,2016-01-04,0,NA,NA
931 S HANCOCK ST,NA,0,NA,NA
932 DIXIE HWY,2013-07-12,327.75,NA,NA
934 W OAK ST,2015-02-10,3376.25,NA,NA
936 E ST CATHERINE ST,2015-11-17,216.5,NA,NA
940 S 6TH ST 1,2014-08-19,2687.15,NA,NA
9408 SMYRNA PKY,2015-04-30,606.25,NA,NA
942 S 6TH ST 1,NA,0,NA,NA
943 E ST CATHERINE ST,2013-07-23,1106.4,NA,NA
951 E ST CATHERINE ST,2015-09-29,1511.69,NA,NA
951 S 7TH ST 1,2013-05-30,2813.13,NA,NA
954 S FLOYD ST 1,2013-09-19,5524.11,NA,NA
960 GOSS AVE 1,2013-09-17,0,NA,NA
967 S 7TH ST,2013-11-11,1779.32,NA,NA
967 S PRESTON ST,2014-04-01,1054.57,NA,NA
9807 SEATONVILLE RD,2014-06-30,125,NA,NA
APEX DR,2015-08-06,0,NA,NA
